"products_image","products_productName","products_productName_url","products_defaultPrice","products_description"
"https://product.hstatic.net/1000187613/product/img_2711_98b0c517052d4fbd82a90320b32f3b41_large.jpg","Xương rồng bánh sinh nhật 3-5cm (chậu nhựa)","https://www.vuonsenda.vn/collections/cay-trong-bich-nhua-chau-nhua/products/xuong-rong-banh-sinh-nhat-3-5cm-chau-nhua","40,000₫","Chưa có mô tả cho sản phẩm này"
"https://product.hstatic.net/1000187613/product/img_2703_02e268470fe54b4e879e10148c862881_large.jpg","Xương rồng bánh sinh nhật sẵn nụ/hoa 9-11cmcm (chậu nhựa)","https://www.vuonsenda.vn/collections/cay-trong-bich-nhua-chau-nhua/products/xuong-rong-banh-sinh-nhat-san-nu-hoa-7-9cm-chau-nhua","100,000₫","Chưa có mô tả cho sản phẩm này"
"https://product.hstatic.net/1000187613/product/img_4402_695d8f5056d04cbb979137441f3851c8_large.jpg","Combo sen vỉ ngẫu nhiên đủ loại (không chậu)","https://www.vuonsenda.vn/collections/cay-trong-bich-nhua-chau-nhua/products/combo-5-nhanh-sen-vi-du-loai-khong-chau","30,000₫",""
"https://product.hstatic.net/1000187613/product/img_7541_85d229f69cd2458f95018a1755979ec0_large.jpg","Combo 20 sen đá cỡ nhỏ ngẫu nhiên (bịch nhựa)","https://www.vuonsenda.vn/collections/cay-trong-bich-nhua-chau-nhua/products/combo-20-sen-da-co-nho-ngau-nhien-bich-nhua","250,000₫",""
"https://product.hstatic.net/1000187613/product/img_7549_1d5c9df486b542ba81fa54cdab9c3e55_large.jpg","Combo 10 loại sen đá cỡ nhỏ ngẫu nhiên (bịch nhựa)","https://www.vuonsenda.vn/collections/cay-trong-bich-nhua-chau-nhua/products/combo-10-loai-sen-da-co-nho-ngau-nhien-bich-nhua","130,000₫",""
"https://product.hstatic.net/1000187613/product/img_7523_69f72ec0fc8247c18ad81e91ca44c0c0_large.jpg","Combo 6 loại sen cỡ vừa ngẫu nhiên (chậu nhựa)","https://www.vuonsenda.vn/collections/cay-trong-bich-nhua-chau-nhua/products/combo-6-loai-sen-co-vua-ngau-nhien-chau-nhua","180,000₫",""
"https://product.hstatic.net/1000187613/product/img_1068_0245596320bc434bbc393506692983f7_large.jpg","Sen guốc 9-11cm (chậu nhựa/bịch nhựa)","https://www.vuonsenda.vn/collections/cay-trong-bich-nhua-chau-nhua/products/sen-guoc-bui","40,000₫",""
"https://product.hstatic.net/1000187613/product/img_1066_66ac802eb1074c4fb72624cd2254b5bd_large.jpg","Sen ngọc lá dài 9-11cm (chậu nhựa/bịch nhựa)","https://www.vuonsenda.vn/collections/cay-trong-bich-nhua-chau-nhua/products/sen-ngoc-la-dai-9-11cm-chau-nhua-bich-nhua","40,000₫","Chưa có mô tả cho sản phẩm này"
"https://product.hstatic.net/1000187613/product/img_1070_703ec0602bd54a37ae8855792865866e_large.jpg","Hồng mập cỡ vừa 9-11cm (chậu nhựa)","https://www.vuonsenda.vn/collections/cay-trong-bich-nhua-chau-nhua/products/hong-map-co-vua-7-9cm-chau-nhua","60,000₫",""
"https://product.hstatic.net/1000187613/product/img_1074_9de8fb81dcc541d08826b927eaae266e_large.jpg","Sen hoa hồng nâu 11-13cm (chậu nhựa)","https://www.vuonsenda.vn/collections/cay-trong-bich-nhua-chau-nhua/products/sen-hoa-hong-nau-11-13cm-chau-nhua","80,000₫","Chưa có mô tả cho sản phẩm này"
"https://product.hstatic.net/1000187613/product/img_1078_bb949782f924472bad7e77ac21a5ead3_large.jpg","Sen ngọc trinh 11-13cm (chậu nhựa)","https://www.vuonsenda.vn/collections/cay-trong-bich-nhua-chau-nhua/products/sen-trang-canh-mong-13-15cm-chau-nhua","100,000₫","Chưa có mô tả cho sản phẩm này"
"https://product.hstatic.net/1000187613/product/img_1073_2eecf4942a4640a3b1ffcaef452391b3_large.jpg","Hoa hồng đen 5-7cm (Chậu nhựa)","https://www.vuonsenda.vn/collections/cay-trong-bich-nhua-chau-nhua/products/hoa-hong-den-9-11cm-chau-nhua","40,000₫","Chưa có mô tả cho sản phẩm này"
"https://product.hstatic.net/1000187613/product/img_1061_a436cc9f9e8c41389cdb77164f6c484f_large.jpg","Tay gấu nhăn 5-7cm (chậu nhựa)","https://www.vuonsenda.vn/collections/cay-trong-bich-nhua-chau-nhua/products/tay-gau-nhan-9-11cm-chau-nhua","40,000₫",""
"https://product.hstatic.net/1000187613/product/img_1065_d3b115b912784151818358d7ac652b67_large.jpg","Sen dù kim 9-11cm (chậu nhựa)","https://www.vuonsenda.vn/collections/cay-trong-bich-nhua-chau-nhua/products/sen-du-kim-bui-vua-chau-nhua","40,000₫",""
"https://product.hstatic.net/1000187613/product/img_1054_1_1abb4a3345b3405ea3ac5aefa66ca47b_large.jpg","Sen phật bà bụi 9-11cm (chậu nhựa/bịch nhựa)","https://www.vuonsenda.vn/collections/cay-trong-bich-nhua-chau-nhua/products/sen-phat-ba-bui-11cm-chau-nhua-bich-nhua","50,000₫","Chưa có mô tả cho sản phẩm này"
"https://product.hstatic.net/1000187613/product/img_0863_110760774819455b882b90401e0f7f66_large.jpg","Sen hồng mập chậu lớn (chậu nhựa)","https://www.vuonsenda.vn/collections/cay-trong-bich-nhua-chau-nhua/products/sen-hong-map-chau-lon-chau-nhua","150,000₫","Chưa có mô tả cho sản phẩm này"
"https://product.hstatic.net/1000187613/product/img_0852_bafbc9af6a6541ee804c7ab54e6002b6_large.jpg","Sen viền cam 11-13cm (chậu nhựa)","https://www.vuonsenda.vn/collections/cay-trong-bich-nhua-chau-nhua/products/sen-vien-cam-11-13cm-chau-nhua","80,000₫","Chưa có mô tả cho sản phẩm này"
"https://product.hstatic.net/1000187613/product/img_0836_9567d213606649c69c7f04f0ba4d74ac_large.jpg","Sen bánh bông lan 3-5cm (bịch nhựa)","https://www.vuonsenda.vn/collections/cay-trong-bich-nhua-chau-nhua/products/sen-banh-bong-lan-3-5cm-bich-nhua","15,000₫","Chưa có mô tả cho sản phẩm này"
"https://product.hstatic.net/1000187613/product/img_0839_0e6281accc4b4992bac5f6e40607174a_large.jpg","Sen tứ phương","https://www.vuonsenda.vn/collections/cay-trong-bich-nhua-chau-nhua/products/sen-tu-phuong","15,000₫","Chưa có mô tả cho sản phẩm này"
"https://product.hstatic.net/1000187613/product/img_0796_f3f7d9a9ecc94339b04d2b42fc096c6a_large.jpg","Viền tím giống mới 3-5cm (bịch nhựa)","https://www.vuonsenda.vn/collections/cay-trong-bich-nhua-chau-nhua/products/vien-tim-giong-moi-3-5cm-bich-nhua","15,000₫","Chưa có mô tả cho sản phẩm này"
"https://product.hstatic.net/1000187613/product/img_0725_1fc8a7eded554a14aecc6d678cd8c0b7_large.jpg","Sen đá giọt nước cá heo (bịch nhựa)","https://www.vuonsenda.vn/collections/cay-trong-bich-nhua-chau-nhua/products/sen-da-giot-nuoc-ca-heo-bich-nhua","25,000₫","Chưa có mô tả cho sản phẩm này"
"https://product.hstatic.net/1000187613/product/img_0772_eb4ed4f6394a465f9cc6c2a522c45664_large.jpg","Xương rồng thần long 7-9cm (chậu nhựa)","https://www.vuonsenda.vn/collections/cay-trong-bich-nhua-chau-nhua/products/xuong-rong-than-long-9-11cm-chau-nhua-1","90,000₫","Chưa có mô tả cho sản phẩm này"
"https://product.hstatic.net/1000187613/product/img_0249_e0582dd86ea74b9ba6b19ea9eb4884af_large.jpg","Xương rồng tân thiên địa 4-5cm (chậu nhựa)","https://www.vuonsenda.vn/collections/cay-trong-bich-nhua-chau-nhua/products/xuong-rong-tan-thien-dia-4-5cm-chau-nhua","50,000₫","Chưa có mô tả cho sản phẩm này"
"https://product.hstatic.net/1000187613/product/img_0260_189728b9070446908ece9baa1ba564c6_large.jpg","Haworthia 4-5cm Ms 12 (chậu nhựa)","https://www.vuonsenda.vn/collections/cay-trong-bich-nhua-chau-nhua/products/haworthia-4-5cm-ms-12-chau-nhua","80,000₫","Chưa có mô tả cho sản phẩm này"
"https://product.hstatic.net/1000187613/product/img_0259_6e12feb9591c4087858e56ec4d25b19e_large.jpg","Haworthia 4-5cm Ms 11 (chậu nhựa)","https://www.vuonsenda.vn/collections/cay-trong-bich-nhua-chau-nhua/products/haworthia-4-5cm-ms-11-chau-nhua","80,000₫","Chưa có mô tả cho sản phẩm này"
"https://product.hstatic.net/1000187613/product/img_0252_b9d988baebf344289102f12d74ce68e7_large.jpg","Haworthia 4-5cm Ms 08 (chậu nhựa)","https://www.vuonsenda.vn/collections/cay-trong-bich-nhua-chau-nhua/products/haworthia-4-5cm-ms-08-chau-nhua","80,000₫","Chưa có mô tả cho sản phẩm này"
"https://product.hstatic.net/1000187613/product/img_0236_bf60bb42857e4dcf839529fa4fe277be_large.jpg","Xương rồng mix 4 loại ngẫu nhiên (chậu nhựa)","https://www.vuonsenda.vn/collections/cay-trong-bich-nhua-chau-nhua/products/xuong-rong-mix-4-loai-ngau-nhien-chau-nhua","120,000₫","Chưa có mô tả cho sản phẩm này"
"https://product.hstatic.net/1000187613/product/img_0241_34875d4c083945f5b58660999372b556_large.jpg","Xương rồng đuôi khỉ (chậu nhựa)","https://www.vuonsenda.vn/collections/cay-trong-bich-nhua-chau-nhua/products/xuong-rong-duoi-khi-chau-nhua","90,000₫","Chưa có mô tả cho sản phẩm này"
"https://product.hstatic.net/1000187613/product/img_0234_8dd1138ffd80405bb3c596c0661ff5d7_large.jpg","Xương rồng bánh sinh nhật bụi (chậu nhựa)","https://www.vuonsenda.vn/collections/cay-trong-bich-nhua-chau-nhua/products/xuong-rong-banh-sinh-nhat-bui-chau-nhua","150,000₫","Chưa có mô tả cho sản phẩm này"
"https://product.hstatic.net/1000187613/product/img_0746_b790628ff068435e9cff7f1270780ff0_large.jpg","Xương rồng trái vải 3-5cm (chậu nhựa)","https://www.vuonsenda.vn/collections/cay-trong-bich-nhua-chau-nhua/products/xuong-rong-trai-vai-3-5cm-chau-nhua","25,000₫","Chưa có mô tả cho sản phẩm này"
"https://product.hstatic.net/1000187613/product/img_0248_1c21fef12af347b89698dddac40effcd_large.jpg","Xương rồng bánh sinh nhật 3-4cm (chậu nhựa)","https://www.vuonsenda.vn/collections/cay-trong-bich-nhua-chau-nhua/products/xuong-rong-banh-sinh-nhat-3-4cm-chau-nhua","25,000₫","Chưa có mô tả cho sản phẩm này"
"https://product.hstatic.net/1000187613/product/img_7239_950b42e71c4247ba9c9e265a7bc6e272_large.jpg","Xương rồng trứng chim cỡ vừa (bịch nhựa)","https://www.vuonsenda.vn/collections/cay-trong-bich-nhua-chau-nhua/products/xuong-rong-trung-chim-chau-nhua-bich-nhua","25,000₫",""
"https://product.hstatic.net/1000187613/product/img_0239_632dab27a2b146c287a8fddf8127769d_large.jpg","Xương rồng mix 3 loại (chậu nhựa)","https://www.vuonsenda.vn/collections/cay-trong-bich-nhua-chau-nhua/products/xuong-rong-mix-3-loai-chau-nhua-2","90,000₫","Chưa có mô tả cho sản phẩm này"
"https://product.hstatic.net/1000187613/product/img_5032_a41c33b64f96439bb79eea409831cdd7_large.jpg","Xương rồng astro xanh 3-5cm (chậu nhựa)","https://www.vuonsenda.vn/collections/cay-trong-bich-nhua-chau-nhua/products/xuong-rong-astro-xanh-3-5cm-chau-nhua","25,000₫",""
"https://product.hstatic.net/1000187613/product/img_1078_large.jpg","Xương rồng thiên nga 9-11cm (chậu nhựa)","https://www.vuonsenda.vn/collections/cay-trong-bich-nhua-chau-nhua/products/xuong-rong-thien-nga-9-11cm-chau-nhua","90,000₫","Chưa có mô tả cho sản phẩm này"
"https://product.hstatic.net/1000187613/product/img_4454_133421452de040c9832ddfebc011fc09_large.jpg","Chuỗi ngọc bi (chậu nhựa treo)","https://www.vuonsenda.vn/collections/cay-trong-bich-nhua-chau-nhua/products/chuoi-ngoc-bi-chau-nhua-treo","120,000₫","Chưa có mô tả cho sản phẩm này"
"https://product.hstatic.net/1000187613/product/img_0768_6be7af34a65d41b493800a802ccdc11b_large.jpg","Aloe cỡ lớn (Chậu nhựa)","https://www.vuonsenda.vn/collections/cay-trong-bich-nhua-chau-nhua/products/haworthia-9-11cm-ms-05-chau-nhua","150,000₫","Chưa có mô tả cho sản phẩm này"
"https://product.hstatic.net/1000187613/product/img_0039_210d8fdeaa2b4c66aca49d23dfd83901_large.jpg","Haworthia 4-5cm Ms 04 (Chậu nhựa)","https://www.vuonsenda.vn/collections/cay-trong-bich-nhua-chau-nhua/products/haworthia-4-5cm-ms-01-chau-nhua-1","80,000₫","Chưa có mô tả cho sản phẩm này"
"https://product.hstatic.net/1000187613/product/img_0040_5795d3712cfe4943ab14a59b6ac36d34_large.jpg","Haworthia 4-5cm Ms 03 (Chậu nhựa)","https://www.vuonsenda.vn/collections/cay-trong-bich-nhua-chau-nhua/products/haworthia-4-5cm-ms-03-chau-nhua","80,000₫","Chưa có mô tả cho sản phẩm này"
"https://product.hstatic.net/1000187613/product/img_0041_bc746216ec8443f6a8b47a3c2d4b4533_large.jpg","Haworthia 4-5cm Ms 02 (Chậu nhựa)","https://www.vuonsenda.vn/collections/cay-trong-bich-nhua-chau-nhua/products/haworthia-4-5cm-ms-02-chau-nhua","80,000₫","Chưa có mô tả cho sản phẩm này"
"https://product.hstatic.net/1000187613/product/img_0042_eca1ec4e02194bc68a8cd1bcc0620de8_large.jpg","Haworthia 4-5cm Ms 01 (Chậu nhựa)","https://www.vuonsenda.vn/collections/cay-trong-bich-nhua-chau-nhua/products/haworthia-4-5cm-ms-01-chau-nhua","80,000₫","Chưa có mô tả cho sản phẩm này"
"https://product.hstatic.net/1000187613/product/img_0855_e77d2a62a75744d998a11a234ebbe33d_large.jpg","Tứ phương đỏ bụi lớn (chậu nhựa)","https://www.vuonsenda.vn/collections/cay-trong-bich-nhua-chau-nhua/products/tu-phuong-do-bui-lon-chau-nhua","150,000₫","Chưa có mô tả cho sản phẩm này"
"https://product.hstatic.net/1000187613/product/img_2711_98b0c517052d4fbd82a90320b32f3b41_large.jpg","Xương rồng bánh sinh nhật 3-5cm (chậu nhựa)","https://www.vuonsenda.vn/collections/cay-trong-bich-nhua-chau-nhua/products/xuong-rong-banh-sinh-nhat-3-5cm-chau-nhua","40,000₫",""
"https://product.hstatic.net/1000187613/product/img_2703_02e268470fe54b4e879e10148c862881_large.jpg","Xương rồng bánh sinh nhật sẵn nụ/hoa 9-11cmcm (chậu nhựa)","https://www.vuonsenda.vn/collections/cay-trong-bich-nhua-chau-nhua/products/xuong-rong-banh-sinh-nhat-san-nu-hoa-7-9cm-chau-nhua","100,000₫",""
"https://product.hstatic.net/1000187613/product/img_4402_695d8f5056d04cbb979137441f3851c8_large.jpg","Combo sen vỉ ngẫu nhiên đủ loại (không chậu)","https://www.vuonsenda.vn/collections/cay-trong-bich-nhua-chau-nhua/products/combo-5-nhanh-sen-vi-du-loai-khong-chau","30,000₫",""
"https://product.hstatic.net/1000187613/product/img_7541_85d229f69cd2458f95018a1755979ec0_large.jpg","Combo 20 sen đá cỡ nhỏ ngẫu nhiên (bịch nhựa)","https://www.vuonsenda.vn/collections/cay-trong-bich-nhua-chau-nhua/products/combo-20-sen-da-co-nho-ngau-nhien-bich-nhua","250,000₫",""
"https://product.hstatic.net/1000187613/product/img_7549_1d5c9df486b542ba81fa54cdab9c3e55_large.jpg","Combo 10 loại sen đá cỡ nhỏ ngẫu nhiên (bịch nhựa)","https://www.vuonsenda.vn/collections/cay-trong-bich-nhua-chau-nhua/products/combo-10-loai-sen-da-co-nho-ngau-nhien-bich-nhua","130,000₫",""
"https://product.hstatic.net/1000187613/product/img_7523_69f72ec0fc8247c18ad81e91ca44c0c0_large.jpg","Combo 6 loại sen cỡ vừa ngẫu nhiên (chậu nhựa)","https://www.vuonsenda.vn/collections/cay-trong-bich-nhua-chau-nhua/products/combo-6-loai-sen-co-vua-ngau-nhien-chau-nhua","180,000₫",""
"https://product.hstatic.net/1000187613/product/img_1068_0245596320bc434bbc393506692983f7_large.jpg","Sen guốc 9-11cm (chậu nhựa/bịch nhựa)","https://www.vuonsenda.vn/collections/cay-trong-bich-nhua-chau-nhua/products/sen-guoc-bui","40,000₫",""
"https://product.hstatic.net/1000187613/product/img_1066_66ac802eb1074c4fb72624cd2254b5bd_large.jpg","Sen ngọc lá dài 9-11cm (chậu nhựa/bịch nhựa)","https://www.vuonsenda.vn/collections/cay-trong-bich-nhua-chau-nhua/products/sen-ngoc-la-dai-9-11cm-chau-nhua-bich-nhua","40,000₫",""
"https://product.hstatic.net/1000187613/product/img_1070_703ec0602bd54a37ae8855792865866e_large.jpg","Hồng mập cỡ vừa 9-11cm (chậu nhựa)","https://www.vuonsenda.vn/collections/cay-trong-bich-nhua-chau-nhua/products/hong-map-co-vua-7-9cm-chau-nhua","60,000₫",""
"https://product.hstatic.net/1000187613/product/img_1074_9de8fb81dcc541d08826b927eaae266e_large.jpg","Sen hoa hồng nâu 11-13cm (chậu nhựa)","https://www.vuonsenda.vn/collections/cay-trong-bich-nhua-chau-nhua/products/sen-hoa-hong-nau-11-13cm-chau-nhua","80,000₫",""
"https://product.hstatic.net/1000187613/product/img_1078_bb949782f924472bad7e77ac21a5ead3_large.jpg","Sen ngọc trinh 11-13cm (chậu nhựa)","https://www.vuonsenda.vn/collections/cay-trong-bich-nhua-chau-nhua/products/sen-trang-canh-mong-13-15cm-chau-nhua","100,000₫",""
"https://product.hstatic.net/1000187613/product/img_1073_2eecf4942a4640a3b1ffcaef452391b3_large.jpg","Hoa hồng đen 5-7cm (Chậu nhựa)","https://www.vuonsenda.vn/collections/cay-trong-bich-nhua-chau-nhua/products/hoa-hong-den-9-11cm-chau-nhua","40,000₫",""
"https://product.hstatic.net/1000187613/product/img_1061_a436cc9f9e8c41389cdb77164f6c484f_large.jpg","Tay gấu nhăn 5-7cm (chậu nhựa)","https://www.vuonsenda.vn/collections/cay-trong-bich-nhua-chau-nhua/products/tay-gau-nhan-9-11cm-chau-nhua","40,000₫",""
"https://product.hstatic.net/1000187613/product/img_1065_d3b115b912784151818358d7ac652b67_large.jpg","Sen dù kim 9-11cm (chậu nhựa)","https://www.vuonsenda.vn/collections/cay-trong-bich-nhua-chau-nhua/products/sen-du-kim-bui-vua-chau-nhua","40,000₫",""
"https://product.hstatic.net/1000187613/product/img_1054_1_1abb4a3345b3405ea3ac5aefa66ca47b_large.jpg","Sen phật bà bụi 9-11cm (chậu nhựa/bịch nhựa)","https://www.vuonsenda.vn/collections/cay-trong-bich-nhua-chau-nhua/products/sen-phat-ba-bui-11cm-chau-nhua-bich-nhua","50,000₫",""
"https://product.hstatic.net/1000187613/product/img_0863_110760774819455b882b90401e0f7f66_large.jpg","Sen hồng mập chậu lớn (chậu nhựa)","https://www.vuonsenda.vn/collections/cay-trong-bich-nhua-chau-nhua/products/sen-hong-map-chau-lon-chau-nhua","150,000₫",""
"https://product.hstatic.net/1000187613/product/img_0852_bafbc9af6a6541ee804c7ab54e6002b6_large.jpg","Sen viền cam 11-13cm (chậu nhựa)","https://www.vuonsenda.vn/collections/cay-trong-bich-nhua-chau-nhua/products/sen-vien-cam-11-13cm-chau-nhua","80,000₫",""
"https://product.hstatic.net/1000187613/product/img_0836_9567d213606649c69c7f04f0ba4d74ac_large.jpg","Sen bánh bông lan 3-5cm (bịch nhựa)","https://www.vuonsenda.vn/collections/cay-trong-bich-nhua-chau-nhua/products/sen-banh-bong-lan-3-5cm-bich-nhua","15,000₫",""
"https://product.hstatic.net/1000187613/product/img_0839_0e6281accc4b4992bac5f6e40607174a_large.jpg","Sen tứ phương","https://www.vuonsenda.vn/collections/cay-trong-bich-nhua-chau-nhua/products/sen-tu-phuong","15,000₫",""
"https://product.hstatic.net/1000187613/product/img_0796_f3f7d9a9ecc94339b04d2b42fc096c6a_large.jpg","Viền tím giống mới 3-5cm (bịch nhựa)","https://www.vuonsenda.vn/collections/cay-trong-bich-nhua-chau-nhua/products/vien-tim-giong-moi-3-5cm-bich-nhua","15,000₫",""
"https://product.hstatic.net/1000187613/product/img_0725_1fc8a7eded554a14aecc6d678cd8c0b7_large.jpg","Sen đá giọt nước cá heo (bịch nhựa)","https://www.vuonsenda.vn/collections/cay-trong-bich-nhua-chau-nhua/products/sen-da-giot-nuoc-ca-heo-bich-nhua","25,000₫",""
"https://product.hstatic.net/1000187613/product/img_8934_9f4dd3f3913f4092a762881023893b52_large.jpg","Xương rồng trụ xanh dương 15-20cm (Chậu nhựa)","https://www.vuonsenda.vn/collections/cay-trong-bich-nhua-chau-nhua/products/xuong-rong-tru-xanh-duong-15-20cm-chau-nhua","90,000₫",""
"https://product.hstatic.net/1000187613/product/img_8932_e09d53f7311d42fa8f91e12a9f099ec1_large.jpg","Xương rồng trụ gai cong 10-15cm (chậu nhựa)","https://www.vuonsenda.vn/collections/cay-trong-bich-nhua-chau-nhua/products/xuong-rong-tru-gai-cong-10-15cm-chau-nhua","70,000₫","Chưa có mô tả cho sản phẩm này"
"https://product.hstatic.net/1000187613/product/img_8933_56605fca55274adc9954fbbce360daed_large.jpg","Xương rồng trụ xanh lá 10-15cm (chậu nhựa)","https://www.vuonsenda.vn/collections/cay-trong-bich-nhua-chau-nhua/products/xuong-rong-tru-xanh-la-10-15cm-chau-nhua","70,000₫","Chưa có mô tả cho sản phẩm này"
"https://product.hstatic.net/1000187613/product/img_8935_52013d9e22b744cc97e28fadb1901f91_large.jpg","Xương rồng trụ gai trắng 10-15cm (chậu nhựa)","https://www.vuonsenda.vn/collections/cay-trong-bich-nhua-chau-nhua/products/xuong-rong-tru-gai-trang-10-15cm-chau-nhua","70,000₫","Chưa có mô tả cho sản phẩm này"
"https://product.hstatic.net/1000187613/product/img_8936_0f0088f50d3e4deb9f26c27524b67e32_large.jpg","Xương rồng trụ bà lão 10-15cm (chậu nhựa)","https://www.vuonsenda.vn/collections/cay-trong-bich-nhua-chau-nhua/products/xuong-rong-tru-ba-lao-10-15cm-chau-nhua","70,000₫","Chưa có mô tả cho sản phẩm này"
"https://product.hstatic.net/1000187613/product/img_8943_26ffcacd246f47588791d553c7eb589a_large.jpg","Xương rồng astro 4 cạnh (chậu nhựa)","https://www.vuonsenda.vn/collections/cay-trong-bich-nhua-chau-nhua/products/xuong-rong-astro-4-canh-chau-nhua","25,000₫","Chưa có mô tả cho sản phẩm này"
"https://product.hstatic.net/1000187613/product/img_8765_81bd6ae312eb4a0ca9488f6cd6a8a518_large.jpg","Tứ phương cam bụi lớn (chậu nhựa)","https://www.vuonsenda.vn/collections/cay-trong-bich-nhua-chau-nhua/products/tu-phuong-cam-bui-lon-chau-nhua","150,000₫","Chưa có mô tả cho sản phẩm này"
"https://product.hstatic.net/1000187613/product/img_8734_5613bc89729e49b3a870ca6cd5db5a97_large.jpg","Haworthia Ms 07 (chậu nhựa)","https://www.vuonsenda.vn/collections/cay-trong-bich-nhua-chau-nhua/products/haworthia-ms-02-chau-nhua-1","80,000₫","Chưa có mô tả cho sản phẩm này"
"https://product.hstatic.net/1000187613/product/img_7579_large.jpg","Sen viền tím 9-11cm (chậu nhựa)","https://www.vuonsenda.vn/collections/cay-trong-bich-nhua-chau-nhua/products/sen-vien-hong-giong-moi-9-11cm-chau-nhua","40,000₫",""
"https://product.hstatic.net/1000187613/product/img_1076_3966288fd0334c2fbca9c94279593a54_large.jpg","Sen kim lam cỡ lớn 11-13cm (chậu nhựa)","https://www.vuonsenda.vn/collections/cay-trong-bich-nhua-chau-nhua/products/sen-kim-lam-co-lon-chau-nhua","80,000₫","Chưa có mô tả cho sản phẩm này"
"https://product.hstatic.net/1000187613/product/img_1063_e42df13fe8e5495cb0d4a83c4a589b1d_large.jpg","Sen xanh nhọn 9-11cm (chậu nhựa)","https://www.vuonsenda.vn/collections/cay-trong-bich-nhua-chau-nhua/products/sen-xanh-nhon-9-11cm-chau-nhua","40,000₫",""
"https://product.hstatic.net/1000187613/product/img_1075_9ef44d30c4f845fd9065835c795eaa48_large.jpg","Sen xanh nhọn 11-13cm (chậu nhựa)","https://www.vuonsenda.vn/collections/cay-trong-bich-nhua-chau-nhua/products/sen-xanh-nhon-9-11cm-chau-nhua-1","80,000₫",""
"https://product.hstatic.net/1000187613/product/img_7439_515e03e799e94617baecca90784839b2_large.jpg","Sen hồng dâu 11-13cm (chậu nhựa)","https://www.vuonsenda.vn/collections/cay-trong-bich-nhua-chau-nhua/products/sen-hong-dau-11-13cm-chau-nhua-1","80,000₫","Chưa có mô tả cho sản phẩm này"
"https://product.hstatic.net/1000187613/product/img_7434_481047a7a8874ec592802e5add3bf5c5_large.jpg","Sen giống mới bụi lớn 20-25cm (chậu nhựa)","https://www.vuonsenda.vn/collections/cay-trong-bich-nhua-chau-nhua/products/sen-giong-moi-bui-lon-20-25cm-chau-nhua","800,000₫","Chưa có mô tả cho sản phẩm này"
"https://product.hstatic.net/1000187613/product/img_7429_a7e4b831b72b4e2a80bf0bef271cf5d5_large.jpg","Sen đá vàng bụi lớn 25-30cm (chậu nhựa)","https://www.vuonsenda.vn/collections/cay-trong-bich-nhua-chau-nhua/products/sen-da-vang-bui-lon-25-30cm-chau-nhua","800,000₫","Chưa có mô tả cho sản phẩm này"
"https://product.hstatic.net/1000187613/product/img_7226_cc4caca5f6ea424a8e3e2399e1996ee3_large.jpg","Xương rồng hamato (chậu nhựa)","https://www.vuonsenda.vn/collections/cay-trong-bich-nhua-chau-nhua/products/xuong-rong-hamato-chau-nhua","60,000₫","Chưa có mô tả cho sản phẩm này"
"https://product.hstatic.net/1000187613/product/img_7096_c072d9797c13478cb35bc1554eaad3e0_large.jpg","Sen đá hồng bụi lớn (chậu nhựa)","https://www.vuonsenda.vn/collections/cay-trong-bich-nhua-chau-nhua/products/sen-da-hong-bui-lon-chau-nhua","500,000₫","Chưa có mô tả cho sản phẩm này"
"https://product.hstatic.net/1000187613/product/img_6977_4f5f84a90dbc451e9cfbd3df6b079d51_large.jpg","Đôla bụi lớn (chậu nhựa treo)","https://www.vuonsenda.vn/collections/cay-trong-bich-nhua-chau-nhua/products/dola-bui-chau-nhua-treo","150,000₫",""
"https://product.hstatic.net/1000187613/product/img_7084_03295ee2289c44c3af5a868f62e80200_large.jpg","Sen đá cam bụi lớn (chậu nhựa)","https://www.vuonsenda.vn/collections/cay-trong-bich-nhua-chau-nhua/products/sen-da-cam-bui-lon-chau-nhua","600,000₫",""
"https://product.hstatic.net/1000187613/product/img_1090_b4d93217c32f4da0b596d3393a2de43d_large.jpg","Sen guốc (chậu nhựa/bịch nhựa)","https://www.vuonsenda.vn/collections/cay-trong-bich-nhua-chau-nhua/products/sen-guoc-chau-nhua-bich-nhua","15,000₫","Chưa có mô tả cho sản phẩm này"
"https://product.hstatic.net/1000187613/product/img_6891_a066d4785d88436581e2e72b6224f28a_large.jpg","Sen hoa hồng nâu 3-5cm (bịch nhựa/chậu nhựa)","https://www.vuonsenda.vn/collections/cay-trong-bich-nhua-chau-nhua/products/sen-hoa-hong-nau-bich-nhua-chau-nhua","15,000₫","Chưa có mô tả cho sản phẩm này"
"https://product.hstatic.net/1000187613/product/101819514_2748278148789204_937504476496025466_o_0252c9174eb841b8a83a8baa478beb72_large.jpg","Sen mix 3 loại chậu sứ","https://www.vuonsenda.vn/collections/cay-trong-bich-nhua-chau-nhua/products/sen-mix-3-loai-chau-su","45,000₫",""
"https://product.hstatic.net/1000187613/product/img_0787_50e105457a3843a88ca58dd2b034a3ee_large.jpg","Viền tím giống mới 9-11cm (chậu nhựa)","https://www.vuonsenda.vn/collections/cay-trong-bich-nhua-chau-nhua/products/vien-tim-giong-moi-9-11cm-chau-nhua","40,000₫","Chưa có mô tả cho sản phẩm này"
"https://product.hstatic.net/1000187613/product/img_6238_52e4cc3fee364ed4ba227780f77f700f_large.jpg","Sen đá vàng 3-5cm (bịch nhựa)","https://www.vuonsenda.vn/collections/cay-trong-bich-nhua-chau-nhua/products/sen-da-vang-3-5cm-bich-nhua","15,000₫","Chưa có mô tả cho sản phẩm này"
"https://product.hstatic.net/1000187613/product/img_6163_c1547f42745141ecac1638f9c9fb01d2_large.jpg","Sen viền cỡ lớn 13-15cm","https://www.vuonsenda.vn/collections/cay-trong-bich-nhua-chau-nhua/products/sen-vien-do-bui-co-lon-13-15cm","80,000₫","Chưa có mô tả cho sản phẩm này"
"https://product.hstatic.net/1000187613/product/img_5561_fc2221ca351543509b0e4d7eebcf89b7_large.jpg","Sen viền tím 13-15cm (chậu nhựa)","https://www.vuonsenda.vn/collections/cay-trong-bich-nhua-chau-nhua/products/sen-vien-tim-13-15cm-chau-nhua","80,000₫","Chưa có mô tả cho sản phẩm này"
"https://product.hstatic.net/1000187613/product/img_0849_a8bc4ed41576485f9490885c35140d22_large.jpg","Sen bắp cải hàn 11-15cm (chậu nhựa)","https://www.vuonsenda.vn/collections/cay-trong-bich-nhua-chau-nhua/products/sen-bap-cai-han-13-15cm-chau-nhua","80,000₫","Chưa có mô tả cho sản phẩm này"
"https://product.hstatic.net/1000187613/product/img_5589_1_f44647ac204a4f59b87d80ca62f67eab_large.jpg","Viền tím 4-5cm (chậu nhựa/bịch nhựa)","https://www.vuonsenda.vn/collections/cay-trong-bich-nhua-chau-nhua/products/vien-hong-giong-moi-4-5cm-chau-nhua-bich-nhua","15,000₫","Chưa có mô tả cho sản phẩm này"
"https://product.hstatic.net/1000187613/product/img_5008_cac6f99ac30f471e972b13458f65fc1d_large.jpg","Sen đá sedum vàng (bịch nhựa/chậu nhựa)","https://www.vuonsenda.vn/collections/cay-trong-bich-nhua-chau-nhua/products/sen-da-sedum-vang-bich-nhua-chau-nhua","15,000₫",""
"https://product.hstatic.net/1000187613/product/img_5333_4473b2da4855412092e598aac8e23316_large.jpg","Sen đá tứ phương đỏ (bịch nhựa)","https://www.vuonsenda.vn/collections/cay-trong-bich-nhua-chau-nhua/products/sen-da-tu-phuong-bich-nhua-chau-nhua","15,000₫",""
"https://product.hstatic.net/1000187613/product/img_5372_81fb179fc4a6488886669b81c126bdcb_large.jpg","Sen đá đất trắng (Bịch nhựa/chậu nhựa)","https://www.vuonsenda.vn/collections/cay-trong-bich-nhua-chau-nhua/products/sen-da-dat-trang-bich-nhua-chau-nhua","15,000₫",""
"https://product.hstatic.net/1000187613/product/img_5210_45bf57fbf32443a394fab20b8b24dc43_large.jpg","Sen kim lam 3-5cm (chậu nhựa/bịch nhựa)","https://www.vuonsenda.vn/collections/cay-trong-bich-nhua-chau-nhua/products/sen-kim-lam-4-5cm-chau-nhua-bich-nhua","15,000₫","Chưa có mô tả cho sản phẩm này"
"https://product.hstatic.net/1000187613/product/img_5619_e42135db6e9a43a1b8cf78d3ce0f9bd7_large.jpg","Sen đá sedum đen 2-3cm (Bịch nhựa/chậu nhựa)","https://www.vuonsenda.vn/collections/cay-trong-bich-nhua-chau-nhua/products/sen-da-sedum-den-bich-nhua-chau-nhua","15,000₫",""
"https://product.hstatic.net/1000187613/product/img_8570_96e52b574b1d414c9902e1a199c0a5dc_large.jpg","Sen viền cam 9-11cm (chậu nhựa)","https://www.vuonsenda.vn/collections/cay-trong-bich-nhua-chau-nhua/products/sen-vien-cam-9-11cm-chau-nhua","40,000₫","Chưa có mô tả cho sản phẩm này"
"https://product.hstatic.net/1000187613/product/img_1077_29df308ea70a4916a076d032294e2e12_large.jpg","Sen bèo tím 11-13cm (chậu nhựa)","https://www.vuonsenda.vn/collections/cay-trong-bich-nhua-chau-nhua/products/sen-beo-tim-co-dai-13-15cm-chau-nhua","80,000₫","Chưa có mô tả cho sản phẩm này"
"https://product.hstatic.net/1000187613/product/img_1067_a9eb85b770b64c8285221c961c9cab27_large.jpg","Sen dạ quang 9-11cm (chậu nhựa)","https://www.vuonsenda.vn/collections/cay-trong-bich-nhua-chau-nhua/products/sen-da-quang-bui-9-11cm-chau-nhua-1","40,000₫","Chưa có mô tả cho sản phẩm này"
"https://product.hstatic.net/1000187613/product/img_0861_18981753bc8440ba8dfe0bb44e285f9f_large.jpg","Sen đá xanh chậu lớn (chậu nhựa)","https://www.vuonsenda.vn/collections/cay-trong-bich-nhua-chau-nhua/products/sen-da-xanh-bui-lon-chau-nhua","150,000₫",""
"https://product.hstatic.net/1000187613/product/img_0857_d2970fc859b24113bb3b93f6e38670ab_large.jpg","Sen đá đỏ chậu lớn (chậu nhựa)","https://www.vuonsenda.vn/collections/cay-trong-bich-nhua-chau-nhua/products/sen-da-do-bui-lon-chau-nhua","150,000₫","Chưa có mô tả cho sản phẩm này"
"https://product.hstatic.net/1000187613/product/img_8616_abc6788b53d44fe797cba6b284772572_large.jpg","Sen ngọc lá ngắn 2-3cm (bịch nhựa)","https://www.vuonsenda.vn/collections/cay-trong-bich-nhua-chau-nhua/products/sen-ngoc-la-ngan-2-3cm-bich-nhua","15,000₫","Chưa có mô tả cho sản phẩm này"
"https://product.hstatic.net/1000187613/product/img_2849_f7c3a03cff3b41faa5ca8b349af36a3c_large.jpg","Sen mận đỏ 3-5cm (bịch nhựa)","https://www.vuonsenda.vn/collections/cay-trong-bich-nhua-chau-nhua/products/sen-man-do-3-5cm-bich-nhua","15,000₫","Chưa có mô tả cho sản phẩm này"
"https://product.hstatic.net/1000187613/product/img_0813_1302756aaf1d4dada66aca7d1dce6736_large.jpg","Viền đỏ lá nhỏ 3-5cm (bịch nhựa)","https://www.vuonsenda.vn/collections/cay-trong-bich-nhua-chau-nhua/products/vien-do-la-nho-3-5cm-bich-nhua","15,000₫","Chưa có mô tả cho sản phẩm này"
"https://product.hstatic.net/1000187613/product/img_0854_83757565c0ec4fe5b6596134ab346874_large.jpg","Sen viền đỏ bụi cỡ lớn 11-13cm (chậu nhựa)","https://www.vuonsenda.vn/collections/cay-trong-bich-nhua-chau-nhua/products/sen-vien-do-bui-co-lon-13-15cm-chau-nhua","80,000₫","Chưa có mô tả cho sản phẩm này"
"https://product.hstatic.net/1000187613/product/img_2804_ae91e4e49b1945b781bd52cc143bfacc_large.jpg","Sen đất hồng 9-11cm (chậu nhựa/bịch nhựa)","https://www.vuonsenda.vn/collections/cay-trong-bich-nhua-chau-nhua/products/sen-dat-hong-9-11cm-chau-nhua-bich-nhua","40,000₫","Chưa có mô tả cho sản phẩm này"
"https://product.hstatic.net/1000187613/product/img_2811_8e68014463a4457da3e13bbb0825b2cb_large.jpg","Sen kim lam 9-11cm (Chậu nhựa)","https://www.vuonsenda.vn/collections/cay-trong-bich-nhua-chau-nhua/products/sen-kim-lam-9-11cm-chau-nhua","40,000₫","Chưa có mô tả cho sản phẩm này"
"https://product.hstatic.net/1000187613/product/img_2798_e1b8bd29f37a42dab55c5a7d8f9c3346_large.jpg","Ngọc bích cỡ vừa 9-11cm (chậu nhựa)","https://www.vuonsenda.vn/collections/cay-trong-bich-nhua-chau-nhua/products/ngoc-bich-co-vua-chau-nhua","40,000₫","Chưa có mô tả cho sản phẩm này"
"https://product.hstatic.net/1000187613/product/img_5635_a5c8c27c34804dbf9b431d0480231d36_large.jpg","Sen đất trắng 9-11cm (chậu nhựa)","https://www.vuonsenda.vn/collections/cay-trong-bich-nhua-chau-nhua/products/sen-dat-trang-9-11cm-chau-nhua","40,000₫",""
"https://product.hstatic.net/1000187613/product/img_0786_bd36776ece97441b90d717d14923d9eb_large.jpg","Sen hồng dâu 9-11cm (chậu nhựa)","https://www.vuonsenda.vn/collections/cay-trong-bich-nhua-chau-nhua/products/sen-hong-dau-9-11cm-chau-nhua","40,000₫","Chưa có mô tả cho sản phẩm này"
"https://product.hstatic.net/1000187613/product/img_1057_1_1cecb1e0cbe04676b0d9918d514ed3e6_large.jpg","Sen viền đỏ 9-11cm (bịch nhựa/chậu nhựa)","https://www.vuonsenda.vn/collections/cay-trong-bich-nhua-chau-nhua/products/sen-vua-do-co-vua-bich-nhua-chau-nhua","40,000₫",""
"https://product.hstatic.net/1000187613/product/img_5125_75a0f0f8e13144f3a84e3cb564798753_large.jpg","Sen đá hồng phấn 9-11cm (bịch nhựa/chậu nhựa)","https://www.vuonsenda.vn/collections/cay-trong-bich-nhua-chau-nhua/products/sen-da-hong-phan-size-lon-bich-nhua-chau-nhua","40,000₫",""
"https://product.hstatic.net/1000187613/product/img_2799_53a16fd1b4b44f9ea27425891b403c36_large.jpg","Sen bèo tím 9-11cm (chậu nhựa)","https://www.vuonsenda.vn/collections/cay-trong-bich-nhua-chau-nhua/products/sen-beo-tim-9-11cm-chau-nhua","40,000₫","Chưa có mô tả cho sản phẩm này"
"https://product.hstatic.net/1000187613/product/img_2810_2879d5e8ea234744829baf1c9454781a_large.jpg","Sen bánh bao xanh 9-11cm (chậu nhựa)","https://www.vuonsenda.vn/collections/cay-trong-bich-nhua-chau-nhua/products/sen-banh-bao-xanh-9-11cm-chau-nhua","40,000₫",""
"https://product.hstatic.net/1000187613/product/img_1060_1_874d1bb12e7d454681df0aaf559e3ce1_large.jpg","Sen kim cương trắng 9-11cm (chậu nhựa/bịch nhựa)","https://www.vuonsenda.vn/collections/cay-trong-bich-nhua-chau-nhua/products/sen-kim-cuong-trang-4-5cm-chau-nhua-bich-nhua","40,000₫","Chưa có mô tả cho sản phẩm này"
"https://product.hstatic.net/1000187613/product/img_5126_a83b0cb7e8eb47efbeaa9d395d95ad14_large.jpg","Liên đài trắng 9-11cm (chậu nhựa)","https://www.vuonsenda.vn/collections/cay-trong-bich-nhua-chau-nhua/products/hoa-hong-trang-giong-moi-co-lon-chau-nhua","40,000₫",""
"https://product.hstatic.net/1000187613/product/img_2634_91e9c827bb20486580e3954afa720bdd_large.jpg","Sen đá móng rồng (bịch nhựa/chậu nhựa)","https://www.vuonsenda.vn/collections/cay-trong-bich-nhua-chau-nhua/products/sen-da-mong-rong-bich-nhua-chau-nhua","15,000₫",""
"https://product.hstatic.net/1000187613/product/img_8596_3e95e54f3fe547d98666f606b9f978ed_large.jpg","Sen hồng dâu 3-5cm (bịch nhựa)","https://www.vuonsenda.vn/collections/cay-trong-bich-nhua-chau-nhua/products/sen-hong-dau-3-5cm-bich-nhua","15,000₫","Chưa có mô tả cho sản phẩm này"
"https://product.hstatic.net/1000187613/product/img_0862_29248f496f4c4a589e8cbda602eb1cc5_large.jpg","Sen đá vàng chậu lớn (chậu nhựa)","https://www.vuonsenda.vn/collections/cay-trong-bich-nhua-chau-nhua/products/sen-da-vang-bui-lon-chau-nhua","150,000₫",""
"https://product.hstatic.net/1000187613/product/img_2858_c5738cd6d99940a380345a18dc2a2b1f_large.jpg","Sen bèo tím 3-5cm (bịch nhựa)","https://www.vuonsenda.vn/collections/cay-trong-bich-nhua-chau-nhua/products/sen-beo-tim-3-5cm-bich-nhua","15,000₫","Chưa có mô tả cho sản phẩm này"
"https://product.hstatic.net/1000187613/product/img_2859_c768aa2bc9b54e7eb8a94aa1b857b67a_large.jpg","Sen rubi hồng 3-5cm (bịch nhựa)","https://www.vuonsenda.vn/collections/cay-trong-bich-nhua-chau-nhua/products/sen-rubi-hong-3-5cm-bich-nhua","15,000₫","Chưa có mô tả cho sản phẩm này"
"https://product.hstatic.net/1000187613/product/img_9586_large.jpg","Sen đá mix 3 nhánh ngẫu nhiên (chậu nhựa/bịch nhựa)","https://www.vuonsenda.vn/collections/cay-trong-bich-nhua-chau-nhua/products/sen-da-mix-3-mau-ngau-nhien-chau-nhua-bich-nhua","15,000₫","Chưa có mô tả cho sản phẩm này"
"https://product.hstatic.net/1000187613/product/img_5346_6b7c207418ae41b5ad35360a43d05f55_large.jpg","Sen dạ quang (bịch nhựa/chậu nhựa)","https://www.vuonsenda.vn/collections/cay-trong-bich-nhua-chau-nhua/products/sen-da-quang-bich-nhua-chau-nhua","15,000₫",""
"https://product.hstatic.net/1000187613/product/img_2821_b2155715950d4f89b5c1231e84ff7dc3_large.jpg","Sen đá hoa hồng trắng (bịch nhựa/chậu nhựa)","https://www.vuonsenda.vn/collections/cay-trong-bich-nhua-chau-nhua/products/sen-da-hoa-hong-trang","15,000₫",""
"https://product.hstatic.net/1000187613/product/img_5195_0383bc874fb645a88ad41101881e2a86_large.jpg","Sen đá hồng phấn (bịch nhựa/chậu nhựa)","https://www.vuonsenda.vn/collections/cay-trong-bich-nhua-chau-nhua/products/sen-da-hong-phan-bich-nhua-chau-nhua","15,000₫","Chưa có mô tả cho sản phẩm này"
"https://product.hstatic.net/1000187613/product/img_2852_ae861160d5ac4564895caa9b13567a36_large.jpg","Liên đài trắng 3-5cm (chậu nhựa/bịch nhựa)","https://www.vuonsenda.vn/collections/cay-trong-bich-nhua-chau-nhua/products/lien-dai-trang-4-5cm-chau-nhua-bich-nhua-1","15,000₫","Chưa có mô tả cho sản phẩm này"
"https://product.hstatic.net/1000187613/product/img_6115_98dc788df7e04493b7b42688020ee063_large.jpg","Sen viền đỏ (bịch nhựa/chậu nhựa)","https://www.vuonsenda.vn/collections/cay-trong-bich-nhua-chau-nhua/products/sen-vien-do-bich-nhua-chau-nhua","15,000₫",""
"https://product.hstatic.net/1000187613/product/img_2820_3eb7cda415734e8ab314b6c373333689_large.jpg","Sen ngọc bích 3-5cm (chậu nhựa/bịch nhựa)","https://www.vuonsenda.vn/collections/cay-trong-bich-nhua-chau-nhua/products/sen-ngoc-bich-nho-chau-nhua-bich-nhua","15,000₫",""
"https://product.hstatic.net/1000187613/product/img_5573_ceb832f00615459f9b4d126306e4688d_large.jpg","Sen ngọc thạch trắng 3-5cm (bịch nhựa)","https://www.vuonsenda.vn/collections/cay-trong-bich-nhua-chau-nhua/products/sen-ngoc-thach-trang-3-5cm-bich-nhua","15,000₫","Chưa có mô tả cho sản phẩm này"
"https://product.hstatic.net/1000187613/product/img_2569_abd12120a70144fba3b74425990a6425_large.jpg","Kim cương trắng 3-5cm (chậu nhựa/bịch nhựa)","https://www.vuonsenda.vn/collections/cay-trong-bich-nhua-chau-nhua/products/kim-cuong-trang-3-5cm-chau-nhua-bich-nhua","15,000₫",""
"https://product.hstatic.net/1000187613/product/img_5601_ff796270aa4a4fe58ae810d7999255df_large.jpg","Sỏi thiên thanh (chậu nhựa/bịch nhựa)","https://www.vuonsenda.vn/collections/cay-trong-bich-nhua-chau-nhua/products/soi-thien-thanh-chau-nhua-bich-nhua","15,000₫",""
"https://product.hstatic.net/1000187613/product/img_6898_e546d18ee3c347b48fd524eadd3ebce8_large.jpg","Sen đóa hồng 2-3cm (bịch nhựa)","https://www.vuonsenda.vn/collections/cay-trong-bich-nhua-chau-nhua/products/sen-doa-hong-2-3cm-bich-nhua","15,000₫","Chưa có mô tả cho sản phẩm này"
"https://product.hstatic.net/1000187613/product/img_2853_1c63bc2fec0d43278d9b306ca3de8c1f_large.jpg","Sen bánh bao xanh 4-5cm (chậu nhựa/bịch nhựa)","https://www.vuonsenda.vn/collections/cay-trong-bich-nhua-chau-nhua/products/sen-banh-bao-xanh-4-5cm-chau-nhua-bich-nhua","15,000₫",""
"https://product.hstatic.net/1000187613/product/img_7504_large.jpg","Sen kim tuyến (bịch nhựa/chậu nhựa)","https://www.vuonsenda.vn/collections/cay-trong-bich-nhua-chau-nhua/products/sen-kim-tuyen-bich-nhua-chau-nhua","15,000₫","Chưa có mô tả cho sản phẩm này"
"https://product.hstatic.net/1000187613/product/img_5609_7b681c27dbea49768dda8c79d4948bff_large.jpg","Sen đất hồng 3-5cm (chậu nhựa)","https://www.vuonsenda.vn/collections/cay-trong-bich-nhua-chau-nhua/products/sen-dat-hong-3-5cm-chau-nhua","15,000₫","Chưa có mô tả cho sản phẩm này"
"https://product.hstatic.net/1000187613/product/img_6228_fabd9eff5a3048569ca1b813824bc37a_large.jpg","Sen mix 2 loại ngẫu nhiên 3-5cm (chậu nhựa/bịch nhựa)","https://www.vuonsenda.vn/collections/cay-trong-bich-nhua-chau-nhua/products/sen-mix-2-loai-ngau-nhien-3-5cm-chau-nhua-bich-nhua","15,000₫",""
"https://product.hstatic.net/1000187613/product/img_5586_3c1d8dada4dd481ea1fb6fc005a819a3_large.jpg","Hoa hồng nâu 9-11cm (Chậu nhựa/bịch nhựa)","https://www.vuonsenda.vn/collections/cay-trong-bich-nhua-chau-nhua/products/hoa-hong-nau-9-11cm-chau-nhua-bich-nhua","40,000₫",""
"https://product.hstatic.net/1000187613/product/img_2640_ac2491acea5246caa09d5b4c50ece4d8_large.jpg","Xương rồng xanh (Bịch nhựa/chậu nhựa)","https://www.vuonsenda.vn/collections/cay-trong-bich-nhua-chau-nhua/products/xuong-rong-xanh-bich-nhua-chau-nhua","15,000₫","Chưa có mô tả cho sản phẩm này"
"https://product.hstatic.net/1000187613/product/img_2994_1def5bd6afea41a6b95eb04919b6e7e8_large.jpg","Sỏi dẹt 3-5cm (bịch nhựa)","https://www.vuonsenda.vn/collections/cay-trong-bich-nhua-chau-nhua/products/soi-det-3-5cm-bich-nhua","15,000₫","Chưa có mô tả cho sản phẩm này"
"https://product.hstatic.net/1000187613/product/img_5184_ce1a7e29efcb4123b4480383e46156f5_large.jpg","Sen đá rubi lá ngắn (Bịch nhựa/chậu nhựa)","https://www.vuonsenda.vn/collections/cay-trong-bich-nhua-chau-nhua/products/sen-da-rubi-la-ngan-bich-nhua-chau-nhua","15,000₫",""
"https://product.hstatic.net/1000187613/product/img_5207_875bb9b6f9924f3585e0fc24fa181a97_large.jpg","Hoa hồng đen lá dài 3-5cm (Chậu nhựa/bịch nhựa)","https://www.vuonsenda.vn/collections/cay-trong-bich-nhua-chau-nhua/products/hoa-hong-den-la-dai-chau-nhua-bich-nhua","15,000₫",""
"https://product.hstatic.net/1000187613/product/img_1098_63649b0e37e040dd8bf3edaa0c03cef8_large.jpg","Sen đá phật bà (bịch nhựa/chậu nhựa)","https://www.vuonsenda.vn/collections/cay-trong-bich-nhua-chau-nhua/products/sen-da-phat-ba-bich-nhua-chau-nhua","15,000₫",""
"https://product.hstatic.net/1000187613/product/img_9448_large.jpg","Sen hồng mập (chậu nhựa/bịch nhựa)","https://www.vuonsenda.vn/collections/cay-trong-bich-nhua-chau-nhua/products/sen-hong-map-chau-nhua-bich-nhua","15,000₫",""
"https://product.hstatic.net/1000187613/product/img_0788_757e98f9f5a248dc98718f67f29f3922_large.jpg","Sen kim tuyến 9-11cm (chậu nhựa)","https://www.vuonsenda.vn/collections/cay-trong-bich-nhua-chau-nhua/products/sen-kim-tuyen-9-11cm-chau-nhua","40,000₫","Chưa có mô tả cho sản phẩm này"
"https://product.hstatic.net/1000187613/product/img_6866_large.jpg","Viền đỏ giống mới bụi 9-11cm (Chậu nhựa)","https://www.vuonsenda.vn/collections/cay-trong-bich-nhua-chau-nhua/products/vien-do-giong-moi-bui-9-11cm-chau-nhua","40,000₫",""
"https://product.hstatic.net/1000187613/product/img_0094_large.jpg","Sen cúc cỡ vừa 9-11cm (chậu nhựa)","https://www.vuonsenda.vn/collections/cay-trong-bich-nhua-chau-nhua/products/sen-cuc-co-vua-9-11cm-chau-nhua","40,000₫","Chưa có mô tả cho sản phẩm này"
"https://product.hstatic.net/1000187613/product/img_2631_8a4ae8c066594bf49abfb9f504039c0d_large.jpg","Sen đá hồng sao (bịch nhựa/chậu nhựa)","https://www.vuonsenda.vn/collections/cay-trong-bich-nhua-chau-nhua/products/sen-da-hong-sao-bich-nhua-chau-nhua","15,000₫",""
"https://product.hstatic.net/1000187613/product/img_5576_60a5a174ed8341dcaa9e793d209d114b_large.jpg","Xương rồng thạch trụ thiên (Bịch nhựa/chậu nhựa)","https://www.vuonsenda.vn/collections/cay-trong-bich-nhua-chau-nhua/products/xuong-rong-thach-tru-thien-bich-nhua-chau-nhua","15,000₫",""
"https://product.hstatic.net/1000187613/product/img_7534_large.jpg","Xương rồng trứng chim (bịch nhựa/chậu nhựa)","https://www.vuonsenda.vn/collections/cay-trong-bich-nhua-chau-nhua/products/xuong-rong-trung-chim-bich-nhua-chau-nhua","15,000₫",""
"https://product.hstatic.net/1000187613/product/img_8580_22426e3462a04660bdaadb7bf3d5a011_large.jpg","Sen hàm cá mập (chậu nhựa/bịch nhựa)","https://www.vuonsenda.vn/collections/cay-trong-bich-nhua-chau-nhua/products/sen-ham-ca-map-chau-nhua-bich-nhua","15,000₫","Chưa có mô tả cho sản phẩm này"